{
  "timestamp": "2026-06-11T12:13:12.384155",
  "capital": 90000,
  "window": "last 800 bars",
  "legacy": {
    "sharpe": -2.264915263366384,
    "cagr": -1.999173118754105,
    "maxdd": 6.209704327958316,
    "trades": 8,
    "winrate": 0.0,
    "calmar": -0.3219433668931886,
    "turnover": 54.03298299
  },
  "resonance": {
    "sharpe": 0.6918987121427089,
    "cagr": 13.558657054306922,
    "maxdd": 11.991750860767933,
    "trades": 1,
    "winrate": 0.0,
    "calmar": 1.1306653391762216,
    "turnover": 31.464484380000002
  }
}